From_Season,To_Season,Transition,Win_Percentage_Change,Win_Percentage_PctChange,Avg_Weighted_Degree_Change,Avg_Weighted_Degree_PctChange,Degree_Assortativity_Change,Degree_Assortativity_PctChange,Degree_Gini_Change,Degree_Gini_PctChange,Top_Quartile_Concentration_Change,Top_Quartile_Concentration_PctChange,Avg_Path_Length_Change,Avg_Path_Length_PctChange
2020-21,2021-22,2020-21 → 2021-22,-0.05900000000000005,-8.663729809104266,-41.16666666666697,-1.2230750185689616,-0.011722574570144181,-13.826541939050394,0.06219034782999966,20.878588201318998,-0.026731892124773227,-4.185536993795901,-0.007575757575757569,-0.7518796992481197
2021-22,2022-23,2021-22 → 2022-23,0.03700000000000003,5.948553054662384,299.16666666666697,8.998395829155815,0.030167466890551192,31.25977687754855,0.012066613848169316,3.351306728839386,0.07779817969622183,12.713345527813818,0.022727272727272707,2.2727272727272707
2022-23,2023-24,2022-23 → 2023-24,-0.08600000000000008,-13.050075872534153,-843.5,-23.276456790691256,-0.029906056972475392,-45.08117717186935,-0.07368316053338009,-19.80072251730546,-0.10935318157894935,-15.854279036281227,0.00454545454545463,0.44444444444445275
2023-24,2024-25,2023-24 → 2024-25,-0.27999999999999997,-48.86561954624782,-618.8333333333335,-22.257523078767537,-0.007449601934597261,-7.740305248336228,-0.013414603972626393,-4.4949016314149635,0.01996864711899704,3.440580161527666,0.010606060606060508,1.0324483775811113
