From_Season,To_Season,Transition,Win_Percentage_Change,Win_Percentage_PctChange,In_Centralization_Change,In_Centralization_PctChange,Pass_Efficiency_Pct_Change,Pass_Efficiency_Pct_PctChange,Avg_Weighted_Degree_Change,Avg_Weighted_Degree_PctChange,Degree_CV_Change,Degree_CV_PctChange,Top_Quartile_Concentration_Change,Top_Quartile_Concentration_PctChange,Degree_Gini_Change,Degree_Gini_PctChange,Degree_Assortativity_Change,Degree_Assortativity_PctChange,Density_Change,Density_PctChange,Modularity_Change,Modularity_PctChange
2020-21,2021-22,2020-21 → 2021-22,-0.013000000000000012,-4.248366013071899,0.0013659278999540309,1.2079308789490388,-0.178878165868543,-2.415136789329006,747.1666666666665,34.84106629361933,-0.07715552726048319,-14.67245331338668,-0.007562934379191755,-1.3352398004536266,-0.05812589444047633,-20.39511556683856,0.057422005071020216,42.19878788913274,0.14393939393939392,16.814159292035395,-0.008502596705350224,-8.335565086986767
2021-22,2022-23,2021-22 → 2022-23,0.195,66.55290102389078,0.008372651055348873,7.315815648353322,1.5168411638374293,20.986598239696487,104.5,3.613832853025937,0.17965032123258934,40.03818960053439,0.056550190052322646,10.11907794356227,0.09895053889170047,43.61490885413789,-0.006333266823356762,-8.052161242912954,0.0,0.0,-0.07426949908013916,-79.4315607607072
2022-23,2023-24,2022-23 → 2023-24,0.20699999999999996,42.41803278688524,0.025110114368901426,20.444887331111914,1.3491985691003077,15.429098394857654,276.5,9.228458585970964,0.04044527682692878,6.436766551061972,0.05974005024618212,9.707555665512212,0.042585476629204644,13.0700964038791,0.0020232221109762333,2.380645786933827,0.0,0.0,0.0171226989993983,89.03350804727638
2023-24,2024-25,2023-24 → 2024-25,0.134,19.28057553956835,0.012268500396797694,8.29352469863143,0.011038861688147605,0.1093638184200133,-26.666666666666515,-0.8148299042574816,-0.09583322860090893,-14.329280796134547,-0.07742750049253355,-11.468404613950282,-0.07449619321392631,-20.221045052222557,0.012021665802025544,14.490385508573683,0.0,0.0,-0.03141243225693299,-86.40602657109304
