From_Season,To_Season,Transition,Win_Percentage_Change,Win_Percentage_PctChange,Pass_Efficiency_Pct_Change,Pass_Efficiency_Pct_PctChange,Degree_Assortativity_Change,Degree_Assortativity_PctChange,Reciprocity_Change,Reciprocity_PctChange,Avg_Path_Length_Change,Avg_Path_Length_PctChange
2020-21,2021-22,2020-21 → 2021-22,0.23100000000000004,75.49019607843138,0.591339357515853,7.311536229445611,0.04193135214405487,35.37461186019194,-0.06779661016949157,-6.779661016949157,-0.030303030303030276,-2.941176470588233
2021-22,2022-23,2021-22 → 2022-23,0.08499999999999996,15.828677839851016,0.7616388720815763,8.775553946132177,-0.008451998215713616,-11.033392003401037,-0.023112480739599373,-2.4793388429752055,0.0,0.0
2022-23,2023-24,2022-23 → 2023-24,-0.03700000000000003,-5.948553054662384,-0.01985357641755492,-0.21029690799869633,0.015184345637824184,17.85221568512427,0.09090909090909094,10.000000000000004,0.015151515151515138,1.5151515151515138
2023-24,2024-25,2023-24 → 2024-25,0.19600000000000006,33.50427350427352,1.4220673626812452,15.094842092446031,-0.021972140376106522,-31.446517353744312,-0.08333333333333337,-8.333333333333337,-0.015151515151515138,-1.4925373134328346
